insert into account (id, name, email, hash_password, state, role) values ('272d28b5-0bfb-479a-a2cb-663e57842709','ivan','ivan@mail.ru','$2a$10$kqXrOnS9wJ9KtTp1LT/Sx.ZZ76MD3dfYyptB0FhVab9K9AiSFc3xq','ALLOWED','PROJECT_CREATOR');
insert into account (id, name, email, hash_password, state, role) values ('04e2af54-ef71-477b-bddc-ca3df8c266d0','rustam','rustam@mail.ru','$2a$10$kqXrOnS9wJ9KtTp1LT/Sx.ZZ76MD3dfYyptB0FhVab9K9AiSFc3xq','ALLOWED','PROJECT_CREATOR');
insert into account (id, name, email, hash_password, state, role) values ('99b3969d-2910-4612-9f7e-0ff5c9aaee28','igor','igor@mail.ru','$2a$10$kqXrOnS9wJ9KtTp1LT/Sx.ZZ76MD3dfYyptB0FhVab9K9AiSFc3xq','ALLOWED','TASK_CREATOR');
insert into account (id, name, email, hash_password, state, role) values ('d23f375a-4846-48b7-ab7a-b281622d1e66','masha','masha@gmail.com','$2a$10$kqXrOnS9wJ9KtTp1LT/Sx.ZZ76MD3dfYyptB0FhVab9K9AiSFc3xq','ALLOWED','TASK_CREATOR');
insert into account (id, name, email, hash_password, state, role) values ('2787ba77-454b-4da2-81e0-d257cc97115c','nasty','nasty@gmail.com','$2a$10$kqXrOnS9wJ9KtTp1LT/Sx.ZZ76MD3dfYyptB0FhVab9K9AiSFc3xq','ALLOWED','TASK_EXECUTOR');
insert into account (id, name, email, hash_password, state, role) values ('93a4b6d9-02bc-4cf0-95ff-aefe1ccefc7c','dinis','dinis@gmail.com','$2a$10$kqXrOnS9wJ9KtTp1LT/Sx.ZZ76MD3dfYyptB0FhVab9K9AiSFc3xq','ALLOWED','TASK_EXECUTOR');

insert into project (id, title, description, state, author_id) values ('6d47fe11-9743-40e6-af0f-f54c52808144', 'Shabash', 'Project is...', 'IN_PROGRESS', '04e2af54-ef71-477b-bddc-ca3df8c266d0');
insert into project (id, title, description, state, author_id) values ('59675b5c-fc32-4177-8acb-6bb3ef72b544', 'Healthest', 'This is project is...', 'IN_PROGRESS', '04e2af54-ef71-477b-bddc-ca3df8c266d0');
insert into project (id, title, description, state, author_id) values ('e27059e7-beb6-46d6-81e8-1d48ab8deb58', 'Healthest2', 'This is project2 is...', 'CREATE', '04e2af54-ef71-477b-bddc-ca3df8c266d0');
insert into project (id, title, description, state, author_id) values ('d3627f09-d082-4a23-b68b-a6f7029b7df4', 'GameDoor', 'Game for small kids...', 'DONE', '272d28b5-0bfb-479a-a2cb-663e57842709');

insert into release (id, version, start_date, finish_date) values ('ab915ea6-3810-4962-8a3a-ad9540bd6aef', '1.1v', '2020-12-30 13:30:00.000', '2021-01-25 13:00:00.000');
insert into release (id, version, start_date, finish_date) values ('425f369e-dc46-414f-863b-9f1fc4b21f3e', '1.2v', '2021-02-04 08:30:00.000', '2021-04-28 17:00:00.000');
insert into release (id, version, start_date, finish_date) values ('47418723-fb36-4800-813e-c330a7e0b597', '1.3v', '2021-09-01 09:00:00.000', '2021-12-30 13:00:00.000');
insert into release (id, version, start_date, finish_date) values ('f65573a5-77e7-4a1b-8d2d-24383275913c', '2.2v', '2022-12-30 09:00:00.000', '2023-07-30 12:00:00.000');
insert into release (id, version, start_date, finish_date) values ('43f4aadb-636b-4993-bc85-2b3903b7382f', '1.1v', '2023-01-12 10:00:00.000', '2023-09-01 09:00:00.000');
insert into release (id, version, start_date, finish_date) values ('e10263bc-ef01-47ae-8314-52ef380bc77b', '1.1v', '2022-09-12 09:30:00.000', '2022-11-30 14:00:00.000');
insert into release (id, version, start_date, finish_date) values ('afa4c0e3-a1ac-4cec-a8df-d1ea58eae39b', '1.1v', '2020-12-30 09:00:00.000', '2021-03-30 16:00:00.000');
insert into release (id, version, start_date, finish_date) values ('29e84c50-567a-49f6-910d-ab9e8eefb2cd', '1.2v', '2022-11-28 09:00:00.000', '2023-12-30 11:00:00.000');

insert into task (id, title, description, state, release_id, author_id, executor_id, project_id) values ('6cdb92a2-1ba5-4136-b49b-e43c9628c70a', 'sss', 'sss1ASC', 'IN_PROGRESS', 'f65573a5-77e7-4a1b-8d2d-24383275913c', '04e2af54-ef71-477b-bddc-ca3df8c266d0', '2787ba77-454b-4da2-81e0-d257cc97115c', '59675b5c-fc32-4177-8acb-6bb3ef72b544');
insert into task (id, title, description, state, release_id, author_id, executor_id, project_id) values ('a05129e9-ea66-426c-b52f-59a8a2fb12f8', 'ddd', 'ddd1ASC', 'IN_PROGRESS', 'f65573a5-77e7-4a1b-8d2d-24383275913c', '04e2af54-ef71-477b-bddc-ca3df8c266d0', '2787ba77-454b-4da2-81e0-d257cc97115c', '59675b5c-fc32-4177-8acb-6bb3ef72b544');
insert into task (id, title, description, state, release_id, author_id, executor_id, project_id) values ('16a8b235-85db-4db5-a4f6-70981ebc856c', 'fff', 'fff1ASC', 'IN_PROGRESS', 'f65573a5-77e7-4a1b-8d2d-24383275913c', '04e2af54-ef71-477b-bddc-ca3df8c266d0', '2787ba77-454b-4da2-81e0-d257cc97115c', '59675b5c-fc32-4177-8acb-6bb3ef72b544');
insert into task (id, title, description, state, release_id, author_id, executor_id, project_id) values ('778a443d-14f3-4fe8-99dc-0d73d1780765', 'ggg', 'ggg1ASC', 'IN_PROGRESS', 'f65573a5-77e7-4a1b-8d2d-24383275913c', '04e2af54-ef71-477b-bddc-ca3df8c266d0', '2787ba77-454b-4da2-81e0-d257cc97115c', '59675b5c-fc32-4177-8acb-6bb3ef72b544');
insert into task (id, title, description, state, release_id, author_id, executor_id, project_id) values ('9eb31c97-2075-48ef-adfb-520f45728364', 'hhh', 'hhh1ASC', 'IN_PROGRESS', 'f65573a5-77e7-4a1b-8d2d-24383275913c', '04e2af54-ef71-477b-bddc-ca3df8c266d0', '2787ba77-454b-4da2-81e0-d257cc97115c', '59675b5c-fc32-4177-8acb-6bb3ef72b544');
insert into task (id, title, description, state, release_id, author_id, executor_id, project_id) values ('62836566-b5a1-4e53-be05-f75f19ee2fb3', 'jjj', 'jjj1ASC', 'IN_PROGRESS', '43f4aadb-636b-4993-bc85-2b3903b7382f', '04e2af54-ef71-477b-bddc-ca3df8c266d0', '2787ba77-454b-4da2-81e0-d257cc97115c', '59675b5c-fc32-4177-8acb-6bb3ef72b544');
insert into task (id, title, description, state, release_id, author_id, executor_id, project_id) values ('d21c82f4-2c40-4056-9e9c-58c5d1f2e66a', 'kkk', 'kkk1ASC', 'IN_PROGRESS', '43f4aadb-636b-4993-bc85-2b3903b7382f', '272d28b5-0bfb-479a-a2cb-663e57842709', '2787ba77-454b-4da2-81e0-d257cc97115c', '59675b5c-fc32-4177-8acb-6bb3ef72b544');
insert into task (id, title, description, state, release_id, author_id, executor_id, project_id) values ('90d1eab1-8280-4061-a3bc-5d839c159253', 'lll', 'lll1ASC', 'IN_PROGRESS', '43f4aadb-636b-4993-bc85-2b3903b7382f', '272d28b5-0bfb-479a-a2cb-663e57842709', '93a4b6d9-02bc-4cf0-95ff-aefe1ccefc7c', '59675b5c-fc32-4177-8acb-6bb3ef72b544');
insert into task (id, title, description, state, release_id, author_id, executor_id, project_id) values ('0c232df0-00ed-4c28-8108-009975c86416', 'zzz', 'zzz1ASC', 'IN_PROGRESS', '43f4aadb-636b-4993-bc85-2b3903b7382f', '99b3969d-2910-4612-9f7e-0ff5c9aaee28', '93a4b6d9-02bc-4cf0-95ff-aefe1ccefc7c', '6d47fe11-9743-40e6-af0f-f54c52808144');
insert into task (id, title, description, state, release_id, author_id, executor_id, project_id) values ('3d7cb40d-9cd8-470c-9b71-17b566588d6e', 'xxx', 'xxx1ASC', 'IN_PROGRESS', '29e84c50-567a-49f6-910d-ab9e8eefb2cd', 'd23f375a-4846-48b7-ab7a-b281622d1e66', 'd23f375a-4846-48b7-ab7a-b281622d1e66', '6d47fe11-9743-40e6-af0f-f54c52808144');
insert into task (id, title, description, state, release_id, author_id, executor_id, project_id) values ('ad70effc-1bc2-4c18-88fc-1d34a102a84b', 'ccc', 'ccc1ASC', 'IN_PROGRESS', '29e84c50-567a-49f6-910d-ab9e8eefb2cd', 'd23f375a-4846-48b7-ab7a-b281622d1e66', '04e2af54-ef71-477b-bddc-ca3df8c266d0', '6d47fe11-9743-40e6-af0f-f54c52808144');
insert into task (id, title, description, state, release_id, author_id, executor_id, project_id) values ('8f7612fb-3fa8-4403-ab26-e33bb56c4df2', 'vvv', 'vvv1ASC', 'IN_PROGRESS', '29e84c50-567a-49f6-910d-ab9e8eefb2cd', 'd23f375a-4846-48b7-ab7a-b281622d1e66', '04e2af54-ef71-477b-bddc-ca3df8c266d0', '6d47fe11-9743-40e6-af0f-f54c52808144');
insert into task (id, title, description, state, release_id, author_id, executor_id, project_id) values ('d48f6d66-0090-4023-b16b-efdbaf785138', 'bbb', 'bbb1ASC', 'BACKLOG', 'afa4c0e3-a1ac-4cec-a8df-d1ea58eae39b', '04e2af54-ef71-477b-bddc-ca3df8c266d0', '2787ba77-454b-4da2-81e0-d257cc97115c', 'e27059e7-beb6-46d6-81e8-1d48ab8deb58');
insert into task (id, title, description, state, release_id, author_id, executor_id, project_id) values ('97697dd5-e044-489c-ae80-106a03cd9ef1', 'nnn', 'nnn1ASC', 'BACKLOG', 'afa4c0e3-a1ac-4cec-a8df-d1ea58eae39b', '04e2af54-ef71-477b-bddc-ca3df8c266d0', '2787ba77-454b-4da2-81e0-d257cc97115c', 'e27059e7-beb6-46d6-81e8-1d48ab8deb58');
insert into task (id, title, description, state, release_id, author_id, executor_id, project_id) values ('c63a2967-c4cb-44fd-b851-670395740fe2', 'mmm', 'mmm1ASC', 'BACKLOG', 'ab915ea6-3810-4962-8a3a-ad9540bd6aef', '272d28b5-0bfb-479a-a2cb-663e57842709', '2787ba77-454b-4da2-81e0-d257cc97115c', 'e27059e7-beb6-46d6-81e8-1d48ab8deb58');
insert into task (id, title, description, state, release_id, author_id, executor_id, project_id) values ('a60c5668-4b94-473d-9642-1dc2b15fcc94', 'sss', 'sss1ASC', 'BACKLOG', '425f369e-dc46-414f-863b-9f1fc4b21f3e', '99b3969d-2910-4612-9f7e-0ff5c9aaee28', '93a4b6d9-02bc-4cf0-95ff-aefe1ccefc7c', 'e27059e7-beb6-46d6-81e8-1d48ab8deb58');
insert into task (id, title, description, state, release_id, author_id, executor_id, project_id) values ('94e73418-ce07-4c89-bd80-707e1d867995', 'ddd', 'ddd1ASC', 'BACKLOG', '425f369e-dc46-414f-863b-9f1fc4b21f3e', '99b3969d-2910-4612-9f7e-0ff5c9aaee28', 'd23f375a-4846-48b7-ab7a-b281622d1e66', 'e27059e7-beb6-46d6-81e8-1d48ab8deb58');
insert into task (id, title, description, state, release_id, author_id, executor_id, project_id) values ('fa54fb41-a87a-44f2-a7a5-7bb7742d9195', 'fff', 'fff1ASC', 'BACKLOG', '425f369e-dc46-414f-863b-9f1fc4b21f3e', '99b3969d-2910-4612-9f7e-0ff5c9aaee28', 'd23f375a-4846-48b7-ab7a-b281622d1e66', 'e27059e7-beb6-46d6-81e8-1d48ab8deb58');
insert into task (id, title, description, state, release_id, author_id, executor_id, project_id) values ('5ca9fb72-9f93-43e6-8ee3-66599212c4dc', 'ggg', 'ggg1ASC', 'DONE', 'ab915ea6-3810-4962-8a3a-ad9540bd6aef', '04e2af54-ef71-477b-bddc-ca3df8c266d0', '2787ba77-454b-4da2-81e0-d257cc97115c', '59675b5c-fc32-4177-8acb-6bb3ef72b544');
insert into task (id, title, description, state, release_id, author_id, executor_id, project_id) values ('6f0704bd-a238-4d90-9de0-dd87036f280d', 'hhh', 'hhh1ASC', 'DONE', 'ab915ea6-3810-4962-8a3a-ad9540bd6aef', '04e2af54-ef71-477b-bddc-ca3df8c266d0', '2787ba77-454b-4da2-81e0-d257cc97115c', '59675b5c-fc32-4177-8acb-6bb3ef72b544');
insert into task (id, title, description, state, release_id, author_id, executor_id, project_id) values ('8c4f4f8b-5527-4df8-ac05-ae29889cb1f3', 'jjj', 'jjj1ASC', 'DONE', '425f369e-dc46-414f-863b-9f1fc4b21f3e', '04e2af54-ef71-477b-bddc-ca3df8c266d0', '2787ba77-454b-4da2-81e0-d257cc97115c', '6d47fe11-9743-40e6-af0f-f54c52808144');
insert into task (id, title, description, state, release_id, author_id, executor_id, project_id) values ('6d86e621-d440-417c-8149-6c8c2496e6f6', 'kkk', 'kkk1ASC', 'DONE', '425f369e-dc46-414f-863b-9f1fc4b21f3e', '04e2af54-ef71-477b-bddc-ca3df8c266d0', '2787ba77-454b-4da2-81e0-d257cc97115c', '6d47fe11-9743-40e6-af0f-f54c52808144');
insert into task (id, title, description, state, release_id, author_id, executor_id, project_id) values ('792fa50e-9cf7-41a8-abf6-fdff21d56ac6', 'lll', 'lll1ASC', 'DONE', '425f369e-dc46-414f-863b-9f1fc4b21f3e', '272d28b5-0bfb-479a-a2cb-663e57842709', '93a4b6d9-02bc-4cf0-95ff-aefe1ccefc7c', '6d47fe11-9743-40e6-af0f-f54c52808144');
insert into task (id, title, description, state, release_id, author_id, executor_id, project_id) values ('a094a503-1e4a-47f3-a0d6-6906fe5106c4', 'zzz', 'zzz1ASC', 'DONE', '47418723-fb36-4800-813e-c330a7e0b597', '272d28b5-0bfb-479a-a2cb-663e57842709', '93a4b6d9-02bc-4cf0-95ff-aefe1ccefc7c', 'd3627f09-d082-4a23-b68b-a6f7029b7df4');
insert into task (id, title, description, state, release_id, author_id, executor_id, project_id) values ('3a407793-030d-4e8d-bfbc-eebe951ced65', 'xxx', 'xxx1ASC', 'DONE', 'e10263bc-ef01-47ae-8314-52ef380bc77b', '272d28b5-0bfb-479a-a2cb-663e57842709', '93a4b6d9-02bc-4cf0-95ff-aefe1ccefc7c', 'd3627f09-d082-4a23-b68b-a6f7029b7df4');
insert into task (id, title, description, state, release_id, author_id, executor_id, project_id) values ('19270bd4-10e0-45df-8bc4-39af6ba52096', 'ccc', 'ccc1ASC', 'DONE', 'e10263bc-ef01-47ae-8314-52ef380bc77b', '99b3969d-2910-4612-9f7e-0ff5c9aaee28', '93a4b6d9-02bc-4cf0-95ff-aefe1ccefc7c', 'd3627f09-d082-4a23-b68b-a6f7029b7df4');
insert into task (id, title, description, state, release_id, author_id, executor_id, project_id) values ('1f934e33-b823-4aa1-ac17-7c741eff6a23', 'vvv', 'vvv1ASC', 'DONE', 'e10263bc-ef01-47ae-8314-52ef380bc77b', 'd23f375a-4846-48b7-ab7a-b281622d1e66', 'd23f375a-4846-48b7-ab7a-b281622d1e66', 'd3627f09-d082-4a23-b68b-a6f7029b7df4');
insert into task (id, title, description, state, release_id, author_id, executor_id, project_id) values ('5f278a8d-ee36-48c3-b8f8-6f6b3375af3e', 'bbb', 'bbb1ASC', 'DONE', 'e10263bc-ef01-47ae-8314-52ef380bc77b', 'd23f375a-4846-48b7-ab7a-b281622d1e66', 'd23f375a-4846-48b7-ab7a-b281622d1e66', 'd3627f09-d082-4a23-b68b-a6f7029b7df4');
insert into task (id, title, description, state, release_id, author_id, executor_id, project_id) values ('d4dcb69a-90ae-41f1-9261-6d00b0db5f55', 'nnn', 'nnn1ASC', 'DONE', 'afa4c0e3-a1ac-4cec-a8df-d1ea58eae39b', 'd23f375a-4846-48b7-ab7a-b281622d1e66', '04e2af54-ef71-477b-bddc-ca3df8c266d0', 'd3627f09-d082-4a23-b68b-a6f7029b7df4');
insert into task (id, title, description, state, release_id, author_id, executor_id, project_id) values ('292d50e6-2f43-4bc3-b373-bfbf29379fd7', 'mmm', 'mmm1ASC', 'DONE', 'afa4c0e3-a1ac-4cec-a8df-d1ea58eae39b', 'd23f375a-4846-48b7-ab7a-b281622d1e66', '04e2af54-ef71-477b-bddc-ca3df8c266d0', 'd3627f09-d082-4a23-b68b-a6f7029b7df4');